id,from,subject,label,snippet
19a742a72f9f2cde,Google <no-reply@accounts.google.com>,Security alert,Spam,"You allowed Gmail Reader App access to some of your Google Account data aryanjaiswal123123@gmail.com If you didn&#39;t allow Gmail Reader App access to some of your Google Account data, someone else"
19a742672439da09,GitGuardian <security@getgitguardian.com>,[Gyandeept/EmailDetection] Google OAuth2 Keys exposed on GitHub,Spam,GitGuardian has detected the following Google OAuth2 Keys exposed within your GitHub account. Details - Secret type: Google OAuth2 Keys - Repository: Gyandeept/EmailDetection - Pushed date: November
19a7421575426aba,GitHub <support@github.com>,[Gyandeept/EmailDetection] Possible valid secrets detected,Spam,Action needed: Secrets detected in Gyandeept/EmailDetection Please resolve these alerts Anyone with read access can view exposed secrets. Consider rotating and revoking each valid secret to avoid any
19a7421301fed794,Heroku <no-reply@heroku.com>,Level Up Your Deployment Game with Git Push,Spam,Ease Your Deployments: Use Git Push on Heroku ‌ ‌ ‌ ‌ ‌ ‌ ‌ ‌ ‌ ‌ ‌ ‌ ‌ ‌ ‌ ‌ ‌ ‌ ‌ ‌ ‌ ‌ ‌ ‌ ‌ ‌ ‌ ‌ ‌ ‌ ‌ ‌ ‌ ‌ ‌ ‌ ‌ ‌ ‌ ‌ ‌ ‌ ‌ ‌ ‌ ‌ ‌ ‌ ‌ ‌ ‌ ‌ ‌ ‌ ‌ ‌ ‌ ‌ ‌ ‌ ‌ ‌ ‌ ‌ ‌ ‌ ‌ ‌ ‌ ‌ ‌ ‌ ‌ ‌ ‌ ‌ ‌ 
19a7420a4519d7a5,Google Play <googleplay-noreply@google.com>,Payment declined for X subscription,Spam,"Google Play Your subscription will be cancelled UPDATE PAYMENT Hello Aryan, Your payment from UPI: PhonePe was declined. To keep your subscription active, please change the payment method. SUMMARY"
19a73a8164ad8e4f,Anuj Kumar Sharma <anuj@codingshuttle.com>,Last Chance to get Cohort 4.0 for Rs. 6990,Spam,"Clock Don&#39;t overthink it, it&#39;s time to act 🔥 Apply FIRST500 coupon code &gt; Get flat Rs. 3000 off &gt; Get Spring Boot Cohort 4.0 for Rs. 6990 Last few hours left. Don&#39;t miss this. Only"
19a7398bbe6eeb24,Senior-Software Engineer <no-reply@propeers.in>,Free Webinar: How I Cracked 27 LPA,Ham,"Hi Aryan Jaiswal, From rejection after rejection… to finally landing a ₹27 LPA offer at 6Sense — my journey wasn&#39;t about luck or genius coding skills. It was about realizing that cracking SDE role"
19a73823147500ad,Google Events <no-reply-eventsatgoogle@google.com>,Day 2 Livestream Starting Soon,Ham,"Hello Aryan Jaiswal, Our day 2 livestream, Agent Tools &amp; Interoperability with Model Context Protocol (MCP), kicks off in just a few hours at 11 AM PT/ 8 PM CET /12:30 AM IST (next day). Click her"
19a72cbeb97ec906,Vishal Nandan <iamvishal5148@gmail.com>,"First-come, first-served — only 7 seats left! Grab ₹3,500 off the Java Spring Boot batch.",Spam,🚨 Final Call Alert! 🚨 Missed our last offer? Don&#39;t worry — here&#39;s your FINAL CHANCE to join Coding Shuttle&#39;s Java Spring Boot 0 to 100 (Cohort 4.0) by Anuj Bhaiya! 💥 Use coupon code:
19a7204460ba66b0,Naukri Campus <Connectnc@naukri.com>,naukri campus : Coding Contest is open for registration !!,Ham,naukri.com Coding Contest Will you accept this challenge? naukri campus presents Codequezt # 25 Coding Challenge Rounds : 1 Duration : 30 Nov - 30 Nov Participants : Individual What are you waiting fo
19a71598b8abd8b0,Team BankBazaar <creditcard+ratealert@bankbazaar.com>,DELIVERED TO INBOX: HSBC Credit Card OFFER,Ham,"ATTENTION Harinath, Aapka HSBC Credit Card OFFER 30/11/2025 ko expire ho jaayega. Aaj hi review karein. - ₹5,00000 tak spend limit* - Income documents ki zaroorat nahi hai* - Annual/joining fees nahi"
19a7136cb045766e,Google Maps Platform <GoogleMapsPlatform@google.com>,NEW Geospatial AI with real-world intelligence,Spam,"Geospatial AI with real-world intelligence Transform ideas into innovations with AI-powered tools, grounded in Google&#39;s fresh, real-world data and cutting-edge technology. Explore AI Build smarter"
19a6fe9ca8be0404,Instagram <no-reply@mail.instagram.com>,"sanskritiiiii_____s, see classicfairytale_, ar7.tf and more in your feed",Spam,"New people to discover Suggested acccounts based on your interests: classicfairytale_, ar7.tf, and 4 others. Open Instagram Suggested for you See all ~•♡rosewaltz~•|☆°. classicfairytale_ View profile"
19a6f81c856758ff,Google Events <no-reply-eventsatgoogle@google.com>,[Day 2 Assignments] 5-Day AI Agents Intensive,Ham,"Hello Aryan Jaiswal, 🎒 Today&#39;s Assignments Complete Unit 2 - “Agent Tools &amp; Interoperability with Model Context Protocol (MCP)”: Listen to the summary podcast episode for this unit, created by"
19a6efa61b972e07,Google Play <googleplay-noreply@google.com>,Payment declined for X subscription,Spam,"Google Play Your subscription will be cancelled UPDATE PAYMENT Hello Aryan, Your payment from UPI: PhonePe was declined. To keep your subscription active, please change the payment method. SUMMARY"
19a6ea030379a75b,Google Play <news-googleplay@google.com>,Get 15% off purchases in Sonic Rumble on PC with Google Play Games,Spam,"Brawl to the top in a new party game. Google Play Games on PC Sonic Rumble has arrived on PC with Google Play Games Prepare for all-out action and mayhem in SEGA&#39;s new party brawler game, Sonic"
19a6e95c43e59bc2,Upstox <donotreply@transactions.upstox.com>,Weekly Fund Ledger for Securities,Ham,"Hi, Your password-protected Weekly Funds Ledger Report for 08/11/2025 is attached to this email. To access it, use your PAN (in lowercase). For eg if your PAN is ABCD1234X, enter the password when"
19a6e5d441095c82,Google Events <no-reply-eventsatgoogle@google.com>,Day 1 Livestream Starting Soon,Spam,"Hello Aryan Jaiswal, Our Day 1 livestream, Introduction to Agents, kicks off in just a few hours at 11 AM PT/ 8 PM CET /12:30 AM IST (next day). Click here to join the first livestream! To make it"
19a6def7bfe3f4d4,Render <no-reply@render.com>,Your free Render database expires soon: todoapp-db,Spam,"Render Your free Render PostgreSQL database expires soon Hi there, Your free Render PostgreSQL database, todoapp-db, will be suspended on 2025-11-17. The database will become inaccessible on that date"
19a6d6c1e7680992,Team BankBazaar <creditreport+ratealert@bankbazaar.com>,ATTN. Nov 2025 Credit Report Has Been Generated,Spam,"Hi Harinath, Your Credit Score has CHANGED this month. See how you&#39;re doing. View Score &gt;&gt; Bank you very much, Team BankBazaar This is an auto-generated email. Please do not reply. By"
19a6c75acde92e0d,GitHub <noreply@github.com>,[GitHub] Sudo email verification code,Spam,"Please verify your identity, DebugWithAryan Here is your GitHub sudo authentication code: 40731002 This code is valid for 15 minutes and can only be used once. Please don&#39;t share this code with"
19a6c338fd54a133,<nse_alerts@nse.co.in>,Funds/Securities Balance,Ham,"Dear Investor, With reference to NSE circulars NSE/INSP/46704 dated December 17, 2020, and NSE/INSP/55039 dated December 28, 2022, Trading members are required to upload clients&#39; securities balanc"
19a6a9405fe04d0f,Instagram <no-reply@mail.instagram.com>,"sanskritiiiii_____s, see what's been happening on Instagram",Ham,"See what&#39;s new on Instagram tanisha09s, kasakk.____ and others shared 8 photos. Open Instagram tanisha09s kasakk.____ z4zeee 1 You have 1 notification you may not have seen. This message was sent"
19a6a5b76f652767,Google Events <no-reply-eventsatgoogle@google.com>,[Day 1 Assignments] 5-Day AI Agents Intensive,Ham,"Hello Aryan Jaiswal, 🎒 Today&#39;s Assignments Complete the Unit 1 – “Introduction to Agents”: Listen to the summary podcast episode for this unit. To complement the podcast, read the “Introduction to"
19a6a33bf2affcd6,Splitwise <hello@splitwise.com>,Splitwise - Updated Privacy Policy,Spam,"Hi there, Splitwise has improved our Privacy Policy to make it easier for you to understand what data we collect, what it&#39;s used for, and what happens to this data after account deactivation."
19a6932d9aa97fc2,Now-or-Never <no-reply@propeers.in>,Courses at Lowest Price,Spam,"Hi Aryan Jaiswal, This is the final reminder and we want you to stay focused on learning, not worrying about prices. Today only, enjoy a massive discount of up to 70% OFF on our DSA &amp; Gen AI"
19a68836b11c8eff,Anuj Kumar Sharma <anuj@codingshuttle.com>,"Get Cohort 4.0 for just Rs. 6990, for the Next 500 Students Only",Spam,"Clock Yes, you heard it right. Get Cohort 4.0 for just ₹6990. Claim your ₹3000 off on Cohort 4.0 right now 🚀 FIRST500 coupon code is back! But for next 500 students only. 🤯 Only the fastest will get i"
19a6813f28a0665e,"""Techfest, IIT Bombay"" <workshops@techfest.org>",IIT Bombay | Cybersecurity Workshop | Early Bird Offer in 1 Day,Ham,"Dear Participant, Greetings from Techfest, IIT Bombay! We are pleased to invite you to the Cyber Security Workshop at Techfest, IIT Bombay, an exclusive in-person session conducted by FEV, focused on"
19a6422dd8171182,Senior AI-Engineer <no-reply@propeers.in>,Join My LIVE GenAI Webinar,Spam,"Hi Aryan Jaiswal, Most people know how to use GenAI. Very few know how to build with it. Because building isn&#39;t about prompts — it&#39;s about mastering models, agents, and deployment to create AI"
19a63bd6c5e3b482,"""Simarjit || Hack2skill"" <hello@noreply.hack2skill.com>",Don’t Miss Out! Explore Blockchain Innovation at the Cardano Hackathon 2025,Ham,"Hi Aryan Jaiswal, The India Blockchain Week 2025 is coming to Bengaluru, uniting top innovators, investors, and blockchain leaders from around the world. Participate in the Cardano Hackathon Asia 2025"
19a634a1608af3f5,Team BankBazaar <creditcard+ratealert@bankbazaar.com>,SBI Credit Card Nov '25 Special OFFER,Spam,"नमस्ते Harinath, आपका SBI Credit Card offer 30/11/2025 को expire हो जाएगा! आप ₹5,00000 तक spend limit पा सकते है।* *T&amp;C लागू View Offer &gt;&gt; धन्यवाद, Team BankBazaar This is an auto-generated"
19a6273a7e7912b6,Infosys Springboard <springboard@infosys.com>,"Future-Proof Your Skills - Join Daily Expert Knowledge Sessions | Nov 10 to 14, 2025",Spam,"If you are having trouble reading this email, read the online version. For queries, write to springboard-support@infosys.com. Unsubscribe | Manage Preferences | Privacy Statement | Terms of Use Infosy"
19a607c0e63ef86f,Instagram <no-reply@mail.instagram.com>,"sanskritiiiii_____s, catch up on moments you've missed",Ham,"tanisha09s , kasakk.____ and others posted something new. Catch up on Instagram tanisha09s, kasakk.____ and others posted something new. Open Instagram 1 You have 1 notification you may not have seen."
19a601c9e7ab2895,Naukri Campus <Connectnc@naukri.com>,naukri campus : Last few days to enroll for Quiz,Ham,naukri.com Quiz Will you accept this challenge? naukri campus presents Bizquezt # 25 Industry-Specific Business Models Rounds : 1 Duration : 9 Nov - 9 Nov Participants : Individual What are you waitin
19a5fad2649fecdb,Naukri Alerts <eventnc@naukri.com>,naukri campus : Last few days to enroll for Quiz,Ham,naukri.com Quiz Will you accept this challenge? naukri campus presents Bizquezt # 25 Industry-Specific Business Models Rounds : 1 Duration : 9 Nov - 9 Nov Participants : Individual What are you waitin
19a5f71dd5bf5ccd,Vercel <notifications@vercel.com>,New sign-in detected on your Vercel account,Ham,"Hi debugwitharyan, Your Vercel account aryanjaiswal123123@gmail.com was recently signed-in from a new location, device or browser. Location Indore, Madhya Pradesh, India Time Friday, November 7, 2025"
19a5f2107cc86436,"""SDE2@Microsoft"" <no-reply@propeers.in>","Last year, this decision got me into Microsoft. Your turn?",Ham,"Hey Aryan Jaiswal, I&#39;m Ankit — and exactly a year ago, on this same Pay Day, I made a decision that flipped my career. Back then, I was doing everything &quot;right&quot; — LeetCode, job"
19a5f105e3bbc3a0,Team BankBazaar <creditreport+ratealert@bankbazaar.com>,[ARRIVED]: Your NOV '25 Credit Score,Spam,"Hi Harinath, Your Credit Score has changed now! Your Credit Score has changed since you last checked it. We know you are waiting to see your report now. View Your Credit Score &gt;&gt; This is an auto"
19a5ee37ba259c38,Harvard Online <harvardonline@mail.harvardonline.harvard.edu>,New course announcement—Innovation Strategy: Tools and Frameworks for Business,Spam,Implement tools and frameworks to bring powerful ideas to life Not rendering correctly? View this email as a web page here. A woman stands at the head of a table in a work meeting. Move ideas forward
19a5e93dbc5cf37a,LottieFiles <hello@lottiefiles.com>,Introducing Prompt to State Machines ⭐,Spam,Generate state machines instantly with a simple prompt. Introducing Prompt to State Machines Building interactivity just got a whole lot easier. The new Prompt to State Machines feature in Lottie
19a5e682ce6e3b96,"""Aryan Jaiswal (via Google Sheets)"" <drive-shares-dm-noreply@google.com>","Spreadsheet shared with you: ""Laser Tag""",Ham,Aryan Jaiswal shared a spreadsheet Aryan Jaiswal (aryanjaiswal123789@gmail.com) has invited you to edit the following spreadsheet: Laser Tag Open Does this item look suspicious? Block sender Google LL
19a5cb7987536bc4,Anil Kumar Ojha <anil_k@hathway.net>,[Confidential] Urgent Your Hathway Broadband Account is Deactivated Renew Now,Ham,"Dear SHAMBHU NATH SHAW, We noticed that your account 1334371715 with Hathway Broadband has not been renewed, and as a result, it is currently in deactivated mode. Your renewal was due on 7/23/2025, an"
19a5b27160010b78,Instagram <no-reply@mail.instagram.com>,"sanskritiiiii_____s, from ar7.tf: 1 unread message",Ham,Check your DMs to stay connected with your friends. Catch up on your messages See your unread messages you may have missed. Open Instagram 1 unread message Aryan Jaiswal Sent a message See message See
19a5a934c84becb2,Naukri Campus <Connectnc@naukri.com>,Join the Momentum: See How Others Are Advancing!,Ham,1200+ hrs Spent by students preparing for their dream role! Start exploring 7K+ Students practised their aptitude skills Get the confidence you need to ace your placement Take NCAT 8500+ students
19a5a613319dbb8d,"""Techfest, IIT Bombay"" <workshops@techfest.org>",IIT Bombay | Cybersecurity Workshop | Early Bird Offer in 1 Day,Ham,"Dear Participant, Greetings from Techfest, IIT Bombay! We are pleased to invite you to the Cyber Security Workshop at Techfest, IIT Bombay, an exclusive in-person session conducted by FEV, focused on"
19a5a0287bef061d,Google Events <no-reply-eventsatgoogle@google.com>,[Welcome + Setup Instructions] 5-Day AI Agents Intensive Course with Google,Spam,"Hello Aryan Jaiswal, Welcome to our 5-Day AI Agents Intensive Course with Google! We&#39;re glad you&#39;re here. This email includes a brief summary of how the course works and detailed instructions"
19a59cbd76db079f,"""Senior-SDE@Atlassian"" <no-reply@propeers.in>",Free Webinar to Become SDE at Top Product Based Companies,Ham,"Hi Aryan Jaiswal, Reminder — the FREE webinar is tomorrow at 8 PM. If you haven&#39;t registered yet, now&#39;s the time You can solve 200 LeetCode problems and still fail the first interview. You can"
19a57f80eb0c55c8,"""AORUS (GIGABYTE)"" <noreply+aorus-gigabyte@gleam.io>",Entry confirmed: AORUS x HackCBS 8.0| AORUS India - All 12 Entries Completed,Ham,"AORUS (GIGABYTE) Hi Aryan Jaiswal, Thanks for your entry into: AORUS x HackCBS 8.0| AORUS India You have entered with the following actions: Subscribe AORUS IN on Youtube: - 1 Entry Like AORUS IN on"
19a57c197bbf3916,Matt Palmer <matt@mail.replit.com>,🍂 October Replit Product Updates ,Ham,"We&#39;re not bringing out the holiday decorations just yet: October was full of new features &amp; improvements in Replit Thursday, November 6, 2025 November is here and the holidays are nearly upon"
